RefNo,Beach name,Country,Region,Survey date,Period,Plastic: Yokes [1],Plastic: Bags [2],Plastic: Small_bags [3],Plastic: Bag_ends [112],Plastic: Drinks [4],Plastic: Cleaner [5],Plastic: Food [6],Plastic: Toiletries [7],Plastic: Oil_small [8],Plastic: Oil_large [9],Plastic: Jerry_cans [10],Plastic: Injection_gun [11],Plastic: Other_bottles [12],Plastic: Crates [13],Plastic: Car_parts [14],Plastic: Caps [15],Plastic: Cigarettelighters [16],Plastic: Pens [17],Plastic: Combs [18],Plastic: Crisp [19],Plastic: Toys [20],Plastic: Cups [21],Plastic: Cutlery [22],Plastic: Fertiliser [23],Plastic: Meshbags [24],Plastic: Gloves [25],Plastic: Gloves_pro [113],Plastic: Lobsterpots [26],Plastic: Fish_tags [114],Plastic: Octopus_pots [27],Plastic: Oyster_nets [28],Plastic: Oyster_trays [29],Plastic: Mussel_sheeting [30],Plastic: Rope [31],Plastic: String [32],Plastic: Fishing_net_small [115],Plastic: Fishing_net_large [116],Plastic: Tangled [33],Plastic: Fishboxes [34],Plastic: Fishing_line [35],Plastic: Light_sticks [36],Plastic: Floats [37],Plastic: Buckets [38],Plastic: Strapping [39],Plastic: Industrial [40],Plastic: Fibre_glass [41],Plastic: Hard_hats [42],Plastic: Shotgun [43],Plastic: Shoes [44],Plastic: Foam_sponge [45],Plastic: Plastic_small [117],Plastic: Plastic_large [46],Plastic: Plastic_vlarge [47],Plastic: Other [48],Rubber: Balloons [49],Rubber: Boots [50],Rubber: Tyres [52],Rubber: Other [53],Cloth: Clothing [54],Cloth: Furnishings [55],Cloth: Sacking [56],Cloth: Shoes [57],Cloth: Other [59],Paper: Bags [60],Paper: Cardboard [61],Paper: Purepak [118],Paper: Tetrapak [62],Paper: Cig_packets [63],Paper: Cig_stubs [64],Paper: Cups [65],Paper: Newspapers [66],Paper: Other [67],Wood: Corks [68],Wood: Pallets [69],Wood: Crates [70],Wood: Lobsterpots [71],Wood: Fish_boxes [119],Wood: Lolly [72],Wood: Brushes [73],Wood: Other_small [74],Wood: Other_large [75],Metal: Aerosol [76],Metal: Caps [77],Metal: Drink [78],Metal: Bbqs [120],Metal: Electrical [79],Metal: Fishing [80],Metal: Foil [81],Metal: Food [82],Metal: Scrap [83],Metal: Oil [84],Metal: Paint_tins [86],Metal: Lobsterpots [87],Metal: Wire [88],Metal: Other_small [89],Metal: Other_large [90],Glass: Bottles [91],Glass: Bulbs [92],Glass: Other [93],Pottery: Construction [94],Pottery: Octopus_pots [95],Pottery: Other [96],San: Condoms [97],San: Buds [98],San: Towels [99],San: Tampons [100],San: Toilet [101],San: Other [102],Med: Containers [103],Med: Syringes [104],Med: Other [105],Survey: Old_rope_small [200],Survey: Old_rope_large [201],Survey: Old_plastic_pieces [202],Survey: Old_gloves [203],Survey: Old_cartons [204],Survey: Old_oildrums_new [205],Survey: Old_oildrums_old [206],Survey: Old_human_faeces [207],Survey: Old_animal_faeces [208],Survey: Old_cloth_rope [210],Survey: Pellets [998]
NL001,Bergen,Netherlands,3. Southern North Sea,27/01/2012,1,0,3,9,0,4,1,0,0,0,0,0,0,0,0,0,7,1,0,0,8,0,1,0,0,0,0,0,0,0,0,0,0,0,4,36,16,4,9,0,0,0,0,0,3,6,0,0,0,0,7,28,5,0,0,2,0,1,0,0,0,0,0,1,0,0,0,3,0,0,1,0,0,0,1,0,0,1,0,0,3,0,0,0,1,0,0,0,0,0,0,0,0,0,0,0,0,2,1,0,0,0,0,0,0,0,0,0,0,0,0,0,0,0,0,0,0,0,0,0,0,0,NA
NL001,Bergen,Netherlands,3. Southern North Sea,20/04/2012,2,0,8,12,0,3,0,0,1,0,0,0,0,0,0,0,11,0,0,0,16,0,2,2,0,0,0,0,0,0,0,0,0,0,2,48,22,3,15,0,0,0,0,1,6,0,0,0,0,0,12,46,14,0,8,11,0,0,0,2,0,0,0,0,0,0,0,4,0,0,0,0,0,0,0,0,0,0,0,0,3,0,0,0,0,0,0,0,0,0,0,0,0,0,0,0,0,1,0,0,0,0,0,0,6,0,0,0,0,0,0,0,0,0,0,0,0,0,0,0,0,0,NA
NL001,Bergen,Netherlands,3. Southern North Sea,22/07/2012,3,0,1,5,0,2,0,1,0,0,0,0,0,0,0,0,3,0,0,0,3,0,0,0,0,0,0,0,0,0,0,0,0,0,0,14,0,0,5,0,0,0,0,0,0,0,0,0,0,0,2,1,5,0,0,5,0,0,0,0,0,0,0,0,0,0,0,0,1,1,0,0,0,0,0,0,0,0,0,0,0,0,0,0,0,0,0,0,0,0,0,0,0,0,0,0,0,0,0,0,0,0,0,0,0,0,0,0,0,0,0,0,0,0,0,0,0,0,0,0,0,0,NA
NL001,Bergen,Netherlands,3. Southern North Sea,19/10/2012,4,0,2,4,0,4,0,3,0,0,0,0,1,0,0,1,0,0,0,0,2,0,0,1,0,0,1,0,0,0,0,0,0,0,0,10,48,0,11,1,0,0,1,0,2,5,0,0,1,0,0,1,14,0,1,8,0,0,0,0,0,0,2,0,0,0,2,0,0,1,0,0,0,0,1,0,0,1,0,0,3,0,0,0,0,0,0,0,2,0,0,1,0,0,0,0,0,2,3,0,0,0,0,0,0,0,0,1,0,0,0,0,0,0,0,0,0,0,0,0,0,0,No
NL001,Bergen,Netherlands,3. Southern North Sea,19/02/2013,-1,0,24,23,13,12,3,3,0,0,0,0,2,0,1,0,39,3,0,0,31,0,4,15,0,3,0,1,0,6,0,1,0,0,0,152,7,0,24,0,0,0,2,0,6,18,0,0,12,0,38,156,74,1,0,23,1,0,0,8,0,0,1,0,0,4,0,2,0,5,0,0,0,0,0,0,0,0,0,0,3,0,0,0,6,0,0,0,0,0,0,0,0,0,0,0,0,0,0,3,0,0,0,0,34,1,0,0,0,0,0,0,0,0,0,0,0,0,0,0,0,0,Yes
NL001,Bergen,Netherlands,3. Southern North Sea,11/04/2013,2,0,0,9,1,5,0,4,0,0,0,2,1,0,0,0,19,0,0,0,14,0,1,5,0,0,0,0,0,0,0,0,0,1,9,6,88,0,4,0,0,0,0,0,0,5,0,0,0,0,5,8,26,1,0,11,0,0,0,0,0,0,1,1,0,0,2,0,0,0,0,0,0,0,0,0,0,0,0,0,0,0,0,0,0,0,0,0,0,0,0,0,0,0,0,0,0,4,1,0,0,0,0,0,4,0,0,1,0,0,0,0,0,0,0,0,0,0,0,0,0,0,NA
NL001,Bergen,Netherlands,3. Southern North Sea,20/07/2013,3,0,10,4,0,0,0,1,0,0,0,0,0,0,0,0,5,0,0,0,7,0,0,4,0,0,0,0,0,0,0,0,0,0,0,0,42,0,7,0,0,0,0,0,1,2,0,0,0,0,3,5,16,0,1,6,0,1,0,0,0,2,0,1,0,0,0,0,1,0,0,0,0,0,0,0,0,0,0,0,3,0,0,0,2,0,0,0,0,0,0,0,0,0,0,0,0,2,0,0,0,0,0,0,5,0,0,0,2,0,0,0,0,0,0,0,0,0,0,0,0,0,No
NL001,Bergen,Netherlands,3. Southern North Sea,16/10/2013,4,0,7,5,1,4,3,6,3,0,0,1,7,0,0,0,18,4,0,0,7,1,1,2,0,1,1,0,0,2,0,3,0,0,30,241,12,18,0,0,0,0,0,1,6,9,0,0,4,0,16,13,24,4,14,38,0,1,0,2,0,0,0,1,0,0,0,2,0,2,0,0,0,0,0,0,0,0,0,0,1,0,0,0,2,0,0,0,0,0,0,0,0,0,0,0,0,2,0,1,0,0,0,0,3,0,1,1,0,0,0,0,0,0,0,0,0,0,0,0,0,0,Yes
NL001,Bergen,Netherlands,3. Southern North Sea,08/01/2014,1,0,9,20,0,1,0,6,1,0,0,0,1,0,0,0,23,0,2,0,43,0,3,3,0,2,1,1,0,0,0,0,0,0,6,154,36,0,0,0,1,1,0,0,8,7,0,0,0,0,9,44,17,0,9,12,0,1,0,0,0,0,0,0,0,0,0,1,0,0,0,0,0,0,0,0,0,0,0,0,0,0,1,0,2,0,0,0,0,0,0,0,0,0,0,0,0,0,0,0,0,0,0,0,3,0,2,0,0,0,0,0,0,0,0,0,0,0,0,0,0,0,NA
NL001,Bergen,Netherlands,3. Southern North Sea,23/04/2014,2,0,10,29,0,4,0,0,2,0,0,0,0,0,0,0,12,1,1,0,11,0,2,11,0,0,0,0,0,0,0,0,0,0,7,94,51,10,8,1,2,0,0,1,0,13,0,1,1,0,9,20,13,1,10,17,0,0,0,1,0,0,0,1,0,0,1,4,0,1,0,0,0,0,1,0,0,0,0,0,0,0,0,0,1,0,0,0,0,0,0,0,0,0,0,0,0,0,0,0,0,0,0,0,3,2,1,0,0,0,0,0,0,0,0,0,0,0,0,0,0,0,Yes
NL001,Bergen,Netherlands,3. Southern North Sea,01/07/2014,3,1,12,19,1,7,1,2,0,0,0,1,0,0,0,0,36,0,2,0,32,3,7,7,0,0,0,0,0,0,0,0,0,0,10,158,74,8,4,0,0,0,0,0,2,12,0,0,5,0,22,85,61,0,12,17,0,1,0,5,0,0,0,0,0,0,1,5,0,0,0,0,0,0,0,0,0,0,0,1,1,0,0,0,2,0,0,0,0,0,0,0,0,0,0,0,0,1,1,1,0,0,0,0,14,0,1,0,0,1,0,0,0,0,0,0,0,0,0,0,0,0,Yes
NL001,Bergen,Netherlands,3. Southern North Sea,16/10/2014,4,0,2,5,0,4,0,4,0,0,0,0,0,1,0,0,15,1,0,0,8,0,1,3,0,2,0,0,0,2,0,0,0,0,6,158,0,0,13,0,0,0,0,0,1,6,0,0,1,1,11,20,27,1,1,31,0,0,1,1,0,0,0,2,0,0,0,2,0,0,0,0,0,0,0,0,0,0,0,0,0,0,1,1,2,0,0,0,0,0,0,0,0,0,0,0,0,1,1,0,0,0,0,0,1,0,1,0,0,0,0,0,0,0,0,0,0,0,0,0,0,0,Yes
NL001,Bergen,Netherlands,3. Southern North Sea,06/01/2015,1,0,4,14,0,14,1,4,0,0,0,1,0,1,0,0,0,8,0,0,12,0,0,6,0,1,1,0,0,0,0,1,0,0,3,84,1,1,11,0,0,0,0,0,8,10,0,0,2,0,0,17,57,3,3,13,0,0,1,0,0,0,0,1,0,0,0,0,0,0,0,0,0,0,0,0,0,0,0,0,1,0,1,0,7,0,0,0,0,0,0,0,0,0,0,0,0,0,0,0,0,0,0,0,0,0,0,0,0,0,0,0,0,0,0,0,0,0,0,0,0,0,NA
NL001,Bergen,Netherlands,3. Southern North Sea,22/04/2015,2,0,2,8,1,8,1,4,4,0,0,1,0,0,0,0,18,0,0,0,8,0,0,2,0,0,1,0,0,0,0,0,0,0,4,68,1,1,8,0,0,0,0,1,2,2,0,0,0,0,3,23,14,1,0,6,0,0,0,0,0,0,0,0,0,0,0,0,0,0,0,0,0,0,0,1,0,0,0,1,8,6,0,0,0,0,0,0,0,0,0,0,0,0,0,0,0,3,1,0,0,0,0,0,0,0,0,0,0,0,0,0,0,0,0,0,0,0,0,0,0,0,Yes
NL001,Bergen,Netherlands,3. Southern North Sea,16/07/2015,3,0,0,6,0,2,1,1,0,0,0,0,0,0,0,0,23,0,1,1,8,2,0,3,0,0,0,0,0,1,0,1,0,0,4,65,3,0,15,0,1,0,3,0,1,4,0,0,0,0,7,37,18,0,1,13,0,1,0,0,0,0,0,1,0,0,0,1,0,0,0,0,0,0,0,0,0,0,0,0,3,0,0,0,1,0,0,0,0,0,0,0,0,0,0,0,0,0,0,0,0,0,0,0,2,1,0,0,0,0,0,0,0,0,0,0,0,0,0,0,0,0,No
NL001,Bergen,Netherlands,3. Southern North Sea,29/10/2015,4,0,1,2,0,2,0,0,0,0,0,0,0,0,0,0,1,0,0,0,3,1,1,2,0,0,0,0,0,0,0,0,0,0,0,15,3,0,4,0,0,0,0,0,1,6,0,0,1,0,0,8,12,0,0,6,0,0,0,0,0,0,0,0,0,0,1,0,0,0,0,0,0,0,0,0,0,0,0,1,0,0,0,0,2,0,0,0,0,0,0,0,0,0,0,0,0,0,0,0,0,0,0,0,0,0,0,0,0,0,0,0,0,0,0,0,0,0,0,0,0,0,No
NL001,Bergen,Netherlands,3. Southern North Sea,30/12/2015,1,0,5,14,0,3,1,0,0,0,0,2,1,3,0,0,16,0,2,0,7,0,0,5,0,0,0,3,0,1,0,0,0,0,3,102,3,2,3,0,0,1,0,0,2,42,0,0,1,0,12,18,19,0,0,14,0,0,1,1,0,0,0,1,0,1,0,0,0,0,0,0,1,0,1,0,0,0,0,0,0,2,1,0,1,0,0,0,0,0,0,0,0,0,0,0,0,0,1,3,0,0,0,0,8,5,0,0,1,0,0,0,0,0,0,0,0,0,0,0,0,0,NA
NL001,Bergen,Netherlands,3. Southern North Sea,29/04/2016,2,0,2,3,1,6,1,3,0,0,0,0,0,0,0,0,46,5,2,0,14,2,1,12,0,0,2,0,0,3,0,0,0,0,10,72,0,0,5,0,1,0,0,0,5,14,0,0,3,0,0,118,51,0,4,8,0,5,1,0,0,0,0,0,0,1,0,0,0,4,0,0,2,2,0,0,0,0,0,0,8,0,0,0,1,0,0,0,0,0,0,0,0,0,0,0,0,3,0,0,1,0,0,0,9,0,1,0,1,0,1,0,0,0,0,0,0,0,0,0,0,0,Yes
NL001,Bergen,Netherlands,3. Southern North Sea,05/07/2016,3,0,0,10,0,5,0,4,0,0,0,0,0,0,0,0,21,0,0,0,40,5,5,15,0,2,0,0,0,0,0,0,0,0,5,343,0,0,14,0,0,0,0,0,7,38,0,0,4,3,41,84,49,0,11,0,0,0,0,5,0,0,0,1,0,0,0,0,0,3,0,0,0,0,0,0,0,0,0,0,0,2,0,0,0,0,0,0,1,0,0,0,0,0,0,1,0,0,0,0,0,0,0,0,10,3,1,0,0,3,0,0,0,0,0,0,0,0,0,0,0,0,Yes
NL001,Bergen,Netherlands,3. Southern North Sea,25/10/2016,4,0,1,17,2,4,0,9,0,0,0,0,0,0,0,0,58,3,0,0,41,5,0,20,0,2,1,2,0,0,0,0,0,0,1,318,5,0,9,0,3,0,0,0,6,13,0,0,0,0,46,178,30,0,15,19,0,1,15,1,0,0,0,1,0,0,0,0,0,8,0,0,0,1,0,0,0,0,2,0,0,1,0,0,3,0,0,0,0,0,0,0,0,0,0,1,0,0,0,0,0,0,0,0,11,2,0,0,2,1,0,3,0,0,0,0,0,0,0,0,0,0,Yes
NL001,Bergen,Netherlands,3. Southern North Sea,19/02/2017,-1,0,3,0,0,2,1,3,0,0,0,0,0,0,0,0,9,0,0,0,2,1,0,1,0,1,0,0,0,0,0,0,0,0,1,31,0,0,7,0,0,0,0,0,3,4,0,0,0,1,4,0,13,13,5,4,0,6,0,0,0,0,0,0,0,0,0,0,0,0,0,0,0,1,0,0,0,0,0,0,4,0,0,0,0,0,0,0,0,0,0,0,0,0,0,0,0,0,0,7,0,0,0,0,0,0,0,0,1,0,0,0,0,0,0,0,0,0,0,0,0,0,No
NL001,Bergen,Netherlands,3. Southern North Sea,28/04/2017,2,0,3,24,0,4,0,11,0,0,0,0,0,0,1,0,91,3,0,0,69,4,9,8,0,3,0,7,0,3,0,0,0,0,25,416,143,0,30,0,1,2,0,0,14,30,0,0,15,0,55,80,0,0,1,37,0,1,0,0,0,0,0,0,0,0,4,0,0,2,0,0,0,0,0,0,0,0,0,0,6,0,2,0,4,0,0,0,0,0,0,0,0,0,0,0,0,3,0,2,0,0,0,0,5,3,0,0,0,0,0,0,0,0,0,0,0,0,0,0,0,0,Yes
NL001,Bergen,Netherlands,3. Southern North Sea,17/07/2017,3,0,0,13,0,4,0,2,0,0,0,0,0,0,0,0,16,1,0,0,8,0,0,3,0,1,0,0,0,1,0,0,0,1,3,242,0,0,24,0,2,0,0,0,3,12,0,0,1,0,40,23,22,0,1,13,0,0,3,0,0,0,0,1,0,0,0,1,1,4,0,0,0,0,0,0,0,0,0,0,6,0,0,0,0,0,0,0,0,0,0,0,0,0,0,1,0,4,0,0,0,0,0,0,1,0,0,0,0,0,0,1,0,0,0,0,0,0,0,0,0,0,Yes
NL001,Bergen,Netherlands,3. Southern North Sea,11/10/2017,4,0,0,5,0,5,0,1,0,0,0,0,0,0,0,0,3,0,0,0,8,0,2,1,0,1,0,0,0,0,0,0,0,0,2,48,3,0,0,0,0,0,0,0,1,5,0,0,1,1,3,6,12,2,5,3,0,0,1,0,0,1,0,3,0,0,0,1,0,1,0,0,0,0,0,0,0,0,0,0,4,0,0,0,1,0,0,0,0,0,0,0,0,0,0,0,0,2,0,0,0,0,0,0,0,1,0,0,1,0,0,0,0,0,0,0,0,0,0,0,0,0,Yes
NL002,Noordwijk,Netherlands,3. Southern North Sea,19/01/2012,1,0,11,19,0,4,0,1,0,0,0,0,0,0,0,0,13,2,0,0,8,0,2,4,0,0,0,2,0,0,0,0,0,0,22,48,92,16,13,2,0,0,0,2,8,11,0,0,1,0,0,68,29,3,11,18,0,0,0,0,0,0,0,0,0,0,0,0,0,0,0,0,0,0,0,0,0,0,0,0,4,0,0,0,0,0,0,0,0,0,0,0,0,0,0,0,0,1,0,0,0,0,0,0,9,0,0,0,0,0,0,0,0,0,0,0,0,0,0,0,0,0,NA
NL002,Noordwijk,Netherlands,3. Southern North Sea,19/04/2012,2,0,15,7,0,20,3,14,2,1,0,0,0,0,0,0,21,0,0,1,40,2,2,7,0,0,1,0,0,0,0,0,0,0,8,308,21,0,42,0,0,0,1,2,5,5,0,0,2,0,71,71,52,0,7,25,0,1,2,2,0,0,0,0,0,0,2,1,0,0,0,0,0,0,0,0,0,0,0,0,3,0,1,0,5,0,0,0,0,0,0,0,0,0,0,1,0,3,0,0,0,0,0,0,0,5,1,2,0,0,0,0,0,0,0,0,0,0,0,0,0,0,NA
NL002,Noordwijk,Netherlands,3. Southern North Sea,19/07/2012,3,0,7,13,0,4,0,0,1,0,1,0,0,0,0,0,8,0,0,0,10,0,0,5,0,0,1,0,0,1,0,1,0,0,2,50,28,3,2,0,0,0,0,2,0,5,0,0,0,0,7,10,5,0,1,11,0,0,0,1,0,0,0,0,0,0,0,3,3,0,0,0,3,0,0,0,0,0,0,0,0,0,0,0,3,0,0,0,1,1,0,0,0,0,0,0,0,0,1,2,0,0,0,0,2,1,0,0,0,0,0,0,0,0,0,0,0,0,0,0,0,0,No
NL002,Noordwijk,Netherlands,3. Southern North Sea,07/10/2012,4,0,0,9,1,5,0,4,0,0,0,2,1,0,0,0,19,0,0,0,14,0,1,5,0,0,0,0,0,0,0,0,0,1,9,6,88,0,4,0,0,0,0,0,0,5,0,0,0,0,5,8,26,1,0,11,0,0,0,0,0,0,1,1,0,0,2,0,0,0,0,0,0,0,0,0,0,0,0,0,0,0,0,0,0,0,0,0,0,0,0,0,0,0,0,0,0,4,1,0,0,0,0,0,4,0,0,1,0,0,0,0,0,0,0,0,0,0,0,0,0,0,No
NL002,Noordwijk,Netherlands,3. Southern North Sea,21/02/2013,-1,0,3,2,0,6,0,2,0,1,0,0,0,0,0,0,17,0,1,0,16,1,4,3,0,1,0,0,0,1,0,0,0,0,1,36,3,1,2,0,0,0,1,0,3,0,0,0,0,1,17,34,34,2,9,4,0,2,0,1,0,0,0,0,0,0,2,2,0,1,0,0,0,1,0,0,0,0,0,0,0,2,1,0,1,0,0,0,2,0,0,0,0,0,0,0,0,0,0,1,0,0,0,0,5,0,0,0,0,0,0,0,0,0,0,0,0,0,0,0,0,0,No
NL002,Noordwijk,Netherlands,3. Southern North Sea,24/04/2013,2,0,4,0,1,4,0,1,0,0,0,1,0,0,0,0,4,0,0,0,9,0,0,0,1,0,0,0,0,0,0,0,0,0,0,44,2,1,15,0,0,0,0,0,0,5,0,0,0,1,2,9,14,1,1,4,0,1,0,2,0,0,0,0,0,1,0,0,0,0,0,0,0,0,0,0,0,0,0,0,3,0,0,0,2,0,0,0,0,0,0,0,0,0,0,0,0,1,0,0,0,0,0,0,2,1,0,0,0,0,0,0,0,0,0,0,0,0,0,0,0,0,No
NL002,Noordwijk,Netherlands,3. Southern North Sea,15/06/2013,3,0,1,18,0,3,3,3,0,0,0,1,0,0,0,0,19,1,0,0,17,0,3,4,0,0,0,2,0,0,0,0,0,1,3,53,6,1,6,0,0,0,0,1,0,4,0,0,0,2,12,38,47,0,9,13,0,1,0,0,0,0,0,0,0,1,0,0,0,4,0,0,0,1,0,0,0,0,0,0,3,1,1,0,0,0,0,0,0,0,0,0,0,0,0,0,0,5,0,0,0,0,1,0,4,0,0,0,0,0,0,0,0,0,0,0,0,0,0,0,0,0,NA
NL002,Noordwijk,Netherlands,3. Southern North Sea,17/10/2013,4,0,6,5,0,6,0,5,3,0,0,0,0,0,0,0,51,2,1,0,8,2,2,3,0,0,4,0,0,4,0,1,0,0,11,51,35,1,10,0,2,2,1,2,7,8,0,0,0,2,19,47,73,1,13,35,0,2,1,0,0,0,0,0,0,0,0,0,0,0,0,0,0,0,0,0,0,0,0,0,7,10,0,0,6,0,0,0,0,0,0,0,0,0,0,0,0,0,0,0,0,0,0,0,12,0,0,0,0,0,0,0,0,0,0,0,0,0,0,0,0,0,Yes
NL002,Noordwijk,Netherlands,3. Southern North Sea,07/01/2014,1,0,12,7,0,13,2,9,3,0,0,3,0,1,0,0,46,1,3,0,86,1,6,15,2,3,2,1,0,1,0,0,0,0,17,619,24,6,0,0,1,0,0,0,4,15,0,0,3,0,34,63,264,8,12,42,0,3,0,2,0,0,0,0,0,0,0,5,0,5,0,0,0,1,0,0,0,0,0,0,0,3,0,0,3,0,0,0,1,0,0,0,0,0,0,0,0,1,0,0,0,0,0,0,19,5,1,0,0,0,0,0,0,0,0,0,0,0,0,0,0,0,NA
NL002,Noordwijk,Netherlands,3. Southern North Sea,24/04/2014,2,0,3,17,0,11,0,1,0,0,0,0,0,0,0,0,6,0,0,0,14,0,3,5,0,0,0,0,0,0,0,0,0,0,4,107,7,5,14,0,1,0,1,0,4,10,0,0,0,1,26,17,22,0,5,7,0,0,0,6,0,1,0,0,0,0,0,3,0,2,0,0,0,0,0,0,0,0,0,0,1,1,1,0,3,0,0,0,0,0,0,0,0,0,0,0,0,0,0,2,1,0,0,0,1,0,0,0,0,0,0,0,0,0,0,0,0,0,0,0,0,0,No
NL002,Noordwijk,Netherlands,3. Southern North Sea,25/06/2014,3,0,8,0,0,4,3,6,0,0,0,0,0,0,0,0,53,1,5,0,12,0,0,2,1,3,0,0,0,1,0,1,0,0,18,187,42,1,7,0,5,0,0,0,2,2,0,0,2,0,25,71,29,0,27,18,0,3,0,1,0,0,0,0,0,0,0,0,0,3,0,0,0,0,0,0,0,0,0,0,3,1,0,0,2,0,0,0,0,0,0,0,0,0,0,0,0,8,1,1,0,0,0,0,42,0,1,0,0,0,0,1,0,0,0,0,0,0,0,0,0,0,NA
NL002,Noordwijk,Netherlands,3. Southern North Sea,23/10/2014,4,0,3,17,1,7,0,1,0,0,0,0,0,0,0,0,59,0,3,0,20,0,1,22,0,0,0,0,0,0,0,0,0,0,4,159,1,1,7,0,0,0,0,0,4,15,0,0,1,0,52,151,56,0,2,28,0,0,0,2,0,0,0,0,0,0,0,0,19,0,0,0,0,0,0,0,0,0,0,0,1,0,0,0,0,0,0,0,0,0,0,0,0,0,0,0,0,0,0,3,0,0,0,0,5,0,0,0,0,0,0,0,0,0,0,0,0,0,0,0,0,0,Yes
NL002,Noordwijk,Netherlands,3. Southern North Sea,22/01/2015,1,0,1,4,0,1,0,1,2,0,0,0,0,0,0,0,5,0,0,0,4,0,0,11,0,0,0,0,0,0,0,0,0,0,0,46,0,0,0,0,0,0,0,0,1,1,0,0,1,0,29,62,21,1,0,3,0,0,0,1,0,0,1,1,0,0,0,0,0,0,0,0,0,0,0,0,0,0,0,0,0,1,0,0,0,0,0,0,0,0,0,0,0,0,0,0,0,0,0,4,0,0,0,0,0,0,0,0,0,0,0,0,0,0,0,0,0,0,0,0,0,0,No
NL002,Noordwijk,Netherlands,3. Southern North Sea,30/04/2015,2,0,1,3,0,2,0,1,0,0,0,0,0,0,0,0,5,0,0,0,2,0,1,0,0,0,0,0,0,0,0,0,0,0,0,37,3,0,0,0,1,0,0,0,2,3,0,0,0,0,3,8,4,0,0,4,0,0,0,1,0,0,0,0,0,0,1,2,0,2,0,0,0,1,0,0,0,0,0,0,0,0,0,0,2,0,0,1,0,0,0,0,0,0,0,0,0,1,0,0,0,0,0,0,2,0,0,0,0,0,0,0,0,0,0,0,0,0,0,0,0,0,No
NL002,Noordwijk,Netherlands,3. Southern North Sea,14/07/2015,3,0,2,5,1,2,0,4,0,0,0,0,0,0,0,0,7,1,0,0,3,1,0,1,0,0,0,0,0,0,0,0,0,0,1,88,9,0,6,0,1,0,0,0,2,11,0,0,0,0,3,14,8,0,0,8,0,0,0,0,0,0,0,1,0,0,0,2,0,2,0,0,0,0,0,0,0,0,0,0,2,0,0,0,1,0,0,1,0,0,0,0,0,0,0,0,0,0,0,0,0,0,0,0,4,0,0,0,0,0,0,0,0,0,0,0,0,0,0,0,0,0,Yes
NL002,Noordwijk,Netherlands,3. Southern North Sea,20/10/2015,4,0,0,3,1,8,1,1,1,0,0,0,0,0,0,0,9,0,0,0,5,0,0,2,0,0,0,0,0,1,0,1,0,0,3,114,0,0,1,0,0,0,0,0,1,3,0,0,0,0,17,17,17,0,0,3,0,0,0,0,0,0,0,0,0,0,0,0,0,0,0,0,0,0,0,0,0,0,0,0,4,0,0,0,2,0,0,0,0,0,0,0,0,0,0,0,0,1,1,0,0,0,0,0,2,2,0,1,0,0,0,1,0,0,0,0,0,0,0,0,0,0,No
NL002,Noordwijk,Netherlands,3. Southern North Sea,14/01/2016,1,0,0,3,0,0,0,0,0,0,0,0,0,0,0,0,1,0,1,0,4,0,1,2,0,0,0,0,0,0,0,0,0,0,0,16,1,0,0,0,1,0,0,0,0,1,0,0,0,0,3,0,6,0,0,0,0,0,0,0,0,0,0,0,0,0,0,0,0,0,0,0,0,0,0,0,0,0,0,0,0,0,0,0,0,0,0,0,0,0,0,0,0,0,0,0,0,0,0,3,0,0,0,0,0,0,0,0,0,0,0,0,0,0,0,0,0,0,0,0,0,0,No
NL002,Noordwijk,Netherlands,3. Southern North Sea,13/04/2016,2,0,0,1,0,3,1,1,0,0,0,0,0,0,1,0,22,1,0,0,8,1,0,3,0,1,0,0,0,0,0,1,0,0,15,84,0,0,18,0,0,0,0,0,0,4,0,0,0,0,18,25,14,0,2,7,0,0,0,0,0,0,0,1,0,0,0,0,0,3,0,0,0,0,0,0,0,0,0,0,0,0,0,0,1,0,0,0,0,0,0,0,0,0,0,1,0,1,0,3,0,0,1,0,3,0,1,0,0,0,0,2,0,0,0,0,0,0,0,0,0,0,Yes
NL002,Noordwijk,Netherlands,3. Southern North Sea,22/06/2016,3,0,0,8,0,2,2,2,0,0,0,0,0,0,0,0,14,0,0,0,19,1,2,5,0,0,0,1,0,0,0,0,0,0,0,267,1,0,29,0,0,0,0,0,5,30,0,0,1,0,9,7,5,0,1,8,0,0,1,0,1,0,0,0,0,0,0,1,1,0,0,0,2,0,0,0,0,0,0,0,2,1,0,0,3,0,0,0,0,0,0,0,0,0,0,0,0,0,0,3,2,0,0,0,7,1,0,0,0,0,0,1,0,0,0,0,0,0,0,0,0,0,NA
NL002,Noordwijk,Netherlands,3. Southern North Sea,10/10/2016,4,0,0,4,0,2,0,1,0,0,0,0,0,0,0,0,4,0,0,0,9,0,0,6,0,0,0,1,0,0,0,0,0,0,2,45,0,0,0,0,1,1,0,0,0,0,0,0,0,0,4,15,0,9,3,0,0,0,0,0,0,0,0,0,0,0,1,0,0,3,0,0,0,1,0,0,0,0,0,0,1,0,0,0,0,0,0,0,0,0,0,0,0,0,0,0,0,0,0,4,1,0,0,0,2,1,0,0,0,0,0,1,0,0,0,0,0,0,0,0,0,0,Yes
NL002,Noordwijk,Netherlands,3. Southern North Sea,05/01/2017,1,0,0,10,0,2,0,4,0,0,0,0,1,0,0,0,23,0,1,0,14,4,0,9,0,0,0,0,0,0,0,0,0,0,2,35,4,0,8,0,0,1,0,0,1,18,0,0,0,0,21,42,23,0,3,11,0,0,0,0,0,0,0,3,0,0,0,1,0,15,0,0,4,0,0,0,0,0,0,0,0,2,0,0,0,0,0,0,0,0,0,0,0,0,0,0,0,0,0,3,0,0,0,0,4,3,0,0,0,0,0,0,0,0,0,0,0,0,0,0,0,0,No
NL002,Noordwijk,Netherlands,3. Southern North Sea,20/04/2017,2,0,0,8,1,14,0,4,0,0,0,0,0,0,0,0,17,0,0,0,21,1,4,2,0,0,0,0,0,0,0,0,0,0,1,69,4,0,2,0,0,0,0,0,1,24,0,0,1,0,30,12,21,0,11,9,0,0,1,2,0,0,0,0,0,0,1,2,2,0,0,0,0,0,0,0,0,0,0,0,5,1,0,0,3,0,0,0,0,0,0,0,0,0,0,0,0,3,0,1,0,0,0,0,1,2,0,0,0,0,0,0,0,0,0,0,0,0,0,0,0,0,Yes
NL002,Noordwijk,Netherlands,3. Southern North Sea,06/07/2017,3,0,0,0,4,3,0,3,0,0,0,0,0,0,0,0,4,0,0,0,15,0,3,3,0,0,0,0,0,1,0,0,0,0,1,58,2,0,23,0,0,0,0,0,2,16,0,0,0,0,11,45,10,0,0,9,0,4,3,0,0,0,1,3,0,0,0,0,0,0,0,0,0,0,1,0,0,0,0,0,5,0,0,0,0,0,0,0,0,0,0,0,0,0,1,0,0,3,0,3,0,0,0,0,1,0,1,0,1,0,0,0,0,0,0,0,0,0,0,0,0,0,Yes
NL002,Noordwijk,Netherlands,3. Southern North Sea,16/10/2017,4,0,0,3,0,9,0,0,0,0,0,0,0,0,0,0,20,0,0,0,0,13,5,0,0,0,0,0,0,0,0,0,0,0,16,94,10,0,4,0,0,0,0,0,0,6,0,0,0,0,11,19,17,1,1,14,0,0,0,0,0,1,0,0,0,0,1,0,0,0,0,0,0,0,0,0,0,0,0,0,0,9,0,0,0,0,0,0,0,0,0,0,0,0,0,0,0,1,0,1,0,0,0,0,4,1,0,0,0,0,0,0,0,0,0,0,0,0,0,0,0,0,Yes
NL003,Veere,Netherlands,3. Southern North Sea,10/01/2012,1,0,0,3,0,1,0,2,0,0,0,0,0,0,0,0,13,0,0,0,6,0,3,1,0,1,0,1,0,2,1,3,0,0,7,49,18,0,6,0,1,1,0,0,2,3,0,0,0,0,2,14,17,0,6,7,0,0,0,1,0,0,0,1,0,1,0,0,1,2,0,0,0,0,0,0,0,0,0,0,0,0,0,0,0,0,0,0,0,0,0,0,0,0,0,1,0,0,0,0,0,0,0,0,4,0,0,0,0,0,0,0,0,0,0,0,0,0,0,0,0,0,NA
NL003,Veere,Netherlands,3. Southern North Sea,24/04/2012,2,0,4,9,0,7,0,0,1,0,0,0,0,0,0,0,24,3,1,0,13,0,2,4,0,0,0,0,0,0,0,3,0,0,12,95,50,0,19,0,2,0,3,0,3,1,0,0,5,0,10,24,15,0,10,10,0,0,0,3,0,0,0,0,0,0,0,2,0,0,0,0,0,1,0,0,0,0,0,0,2,1,0,0,1,0,0,0,1,0,0,0,0,0,0,0,0,1,0,0,0,0,0,0,21,0,0,0,0,0,0,0,0,0,0,0,0,0,0,0,0,0,NA
NL003,Veere,Netherlands,3. Southern North Sea,25/07/2012,3,0,2,1,0,2,0,0,0,0,0,0,0,0,0,0,15,1,1,0,9,2,2,4,0,1,0,0,0,0,0,3,0,0,21,56,31,1,11,0,1,1,0,0,0,0,0,0,0,0,8,14,28,0,7,12,0,1,0,0,0,0,1,0,0,0,0,0,0,1,0,0,0,0,0,0,0,0,0,0,1,1,0,0,0,0,0,0,0,0,0,0,0,0,0,0,0,0,0,0,0,0,0,0,23,0,0,0,0,0,0,0,0,0,0,0,0,0,0,0,0,0,Yes
NL003,Veere,Netherlands,3. Southern North Sea,09/10/2012,4,0,3,8,2,5,0,2,0,0,0,0,1,0,0,0,22,0,2,0,3,0,0,0,0,2,4,0,0,7,0,0,0,0,7,318,55,13,18,0,0,1,0,0,9,21,0,0,4,2,22,18,54,2,18,19,0,0,0,0,0,0,0,0,0,0,0,4,0,0,0,0,0,0,0,0,0,0,0,0,0,0,0,0,1,0,0,0,0,0,0,0,0,0,0,0,0,0,0,0,0,0,0,0,0,0,0,0,0,0,0,0,0,0,0,0,0,0,0,0,0,0,Yes
NL003,Veere,Netherlands,3. Southern North Sea,06/03/2013,-1,0,1,1,0,2,0,4,0,0,0,0,0,0,0,0,32,0,1,0,8,5,3,4,2,1,0,1,0,3,0,0,0,0,8,102,27,0,25,0,4,0,0,0,0,2,0,0,15,2,5,72,49,1,16,7,0,1,0,1,0,0,0,0,0,1,1,2,0,0,0,0,0,1,0,0,0,0,0,0,3,2,0,0,0,0,0,0,1,0,0,0,0,0,0,0,0,0,0,0,0,0,0,0,20,1,1,0,0,0,0,0,0,0,0,0,0,0,0,0,0,0,Yes
NL003,Veere,Netherlands,3. Southern North Sea,17/04/2013,2,0,3,6,0,3,0,2,1,0,0,0,2,0,0,0,22,1,0,0,11,0,2,10,0,0,1,0,0,6,0,0,0,0,2,148,16,1,38,0,2,0,0,0,0,4,0,0,11,2,8,83,34,3,11,9,0,3,0,0,0,0,0,0,0,0,0,2,0,0,0,0,0,0,0,0,0,0,0,0,5,2,1,0,0,0,0,0,0,0,0,0,0,0,0,0,0,0,0,0,0,0,0,0,17,0,0,1,0,0,0,0,0,0,0,0,0,0,0,0,0,0,Yes
NL003,Veere,Netherlands,3. Southern North Sea,15/07/2013,3,0,4,11,0,5,0,0,0,0,0,0,0,0,0,0,13,3,3,0,7,0,2,8,0,0,2,0,0,0,0,1,0,2,8,144,16,1,21,0,3,1,0,1,2,7,0,0,8,1,11,33,58,3,11,14,0,0,0,0,0,0,0,0,0,0,0,0,0,1,0,0,0,2,0,0,0,0,0,0,8,1,0,0,0,0,0,0,0,0,0,0,0,0,0,0,0,3,0,0,0,0,0,0,12,2,0,0,0,0,0,0,0,0,0,0,0,0,0,0,0,0,Yes
NL003,Veere,Netherlands,3. Southern North Sea,22/10/2013,4,0,0,2,0,0,0,1,0,0,0,0,0,0,0,0,4,0,1,0,2,2,0,0,0,0,0,0,0,0,0,1,0,0,2,67,1,0,1,0,0,0,0,0,0,2,0,0,0,0,4,2,9,0,2,2,0,1,0,2,0,0,0,0,0,0,0,0,0,1,0,0,0,1,0,0,0,0,0,0,0,0,0,0,0,0,0,0,0,0,0,0,0,0,0,0,0,0,0,0,0,0,0,0,5,0,1,0,0,0,0,0,0,0,0,0,0,0,0,0,0,0,Yes
NL003,Veere,Netherlands,3. Southern North Sea,29/01/2014,1,0,1,1,0,0,0,1,1,0,0,0,0,0,0,0,3,0,1,0,1,0,3,1,0,0,0,0,0,0,0,0,0,0,0,24,9,1,6,0,1,0,0,0,0,2,0,0,0,0,5,2,1,0,5,1,0,0,0,0,0,0,0,2,0,0,0,0,0,0,0,0,1,0,0,0,0,0,0,0,1,0,0,0,0,0,0,0,0,0,0,0,0,0,0,0,0,0,0,0,0,0,0,0,2,0,0,0,0,0,0,0,0,0,0,0,0,0,0,0,0,0,No
NL003,Veere,Netherlands,3. Southern North Sea,08/05/2014,-1,0,1,2,1,0,0,0,0,0,0,1,0,0,0,0,9,0,1,0,5,1,0,1,0,1,0,0,0,0,0,0,0,0,2,27,12,4,6,0,1,0,0,0,1,2,0,0,1,0,3,5,8,1,12,5,0,0,0,0,0,0,0,0,0,0,0,0,0,0,0,0,0,0,0,0,0,0,0,0,0,0,0,0,0,0,0,0,0,0,0,0,0,0,0,0,0,0,0,0,0,0,0,0,0,0,0,0,0,0,0,0,0,0,0,0,0,0,0,0,0,0,NA
NL003,Veere,Netherlands,3. Southern North Sea,09/07/2014,3,0,0,0,0,3,1,0,0,0,0,0,0,0,0,0,4,0,0,0,4,0,0,0,0,0,0,0,0,0,0,0,0,0,1,25,9,2,2,0,1,0,0,1,0,0,0,0,0,0,2,23,15,0,11,2,0,1,0,2,0,0,0,0,0,0,0,0,0,1,0,0,0,0,0,0,0,0,0,0,2,0,0,0,0,0,0,0,0,0,0,0,0,0,0,0,0,0,0,0,0,0,0,0,7,1,0,0,0,0,0,0,0,0,0,0,0,0,0,0,0,0,Yes
NL003,Veere,Netherlands,3. Southern North Sea,28/10/2014,4,0,1,0,0,4,0,0,0,0,0,1,0,0,0,0,1,0,0,0,1,0,0,0,0,0,0,0,0,0,0,0,0,0,1,3,0,0,3,0,0,0,0,0,0,0,0,0,0,0,8,5,0,0,0,0,0,0,0,0,0,0,0,0,0,0,0,0,0,0,0,0,0,0,0,0,0,0,0,0,3,0,0,0,0,0,0,0,0,0,0,0,0,0,0,1,0,0,0,0,0,0,0,0,0,0,0,0,0,0,0,0,0,0,0,0,0,0,0,0,0,0,NA
NL003,Veere,Netherlands,3. Southern North Sea,20/01/2015,1,0,5,4,0,6,0,8,2,0,0,0,1,0,1,0,17,0,0,0,22,0,0,6,0,0,0,0,0,0,0,0,0,1,7,126,3,2,13,0,0,3,0,0,3,2,0,0,1,0,17,58,51,0,0,10,0,0,0,3,0,0,1,0,0,0,0,0,0,0,0,0,1,2,0,0,0,0,0,1,0,6,0,0,1,0,0,0,2,0,0,0,0,0,0,0,0,0,1,1,0,0,0,0,0,0,0,0,0,0,0,0,0,0,0,0,0,0,0,0,0,0,NA
NL003,Veere,Netherlands,3. Southern North Sea,25/04/2015,2,0,0,3,1,4,0,0,0,0,0,0,0,0,0,0,13,0,0,0,3,0,0,0,0,1,0,0,0,2,0,0,2,1,11,126,2,3,20,0,1,0,1,1,1,15,0,1,2,3,11,8,12,0,0,4,0,3,1,0,0,2,0,0,0,0,0,0,0,0,0,0,0,1,0,0,0,0,0,0,1,0,0,0,2,0,0,0,0,0,0,0,0,0,0,0,0,0,0,0,0,0,0,0,0,0,1,0,0,0,0,0,0,0,0,0,0,0,0,0,0,0,Yes
NL003,Veere,Netherlands,3. Southern North Sea,19/07/2015,3,0,0,2,0,3,0,4,1,0,0,0,0,0,0,0,12,0,0,0,2,2,0,1,0,0,0,0,0,0,0,0,0,0,2,52,4,0,6,0,0,0,0,0,1,14,0,0,1,0,9,6,12,0,0,4,0,0,0,0,0,0,0,0,0,0,0,1,0,0,0,0,0,0,0,0,0,0,0,0,0,1,1,0,2,0,0,0,0,0,0,0,0,0,0,0,0,2,0,0,0,0,0,0,3,0,0,0,0,0,0,0,0,0,0,0,0,0,0,0,0,0,No
NL003,Veere,Netherlands,3. Southern North Sea,27/10/2015,4,0,0,1,2,7,0,3,0,0,0,0,0,0,0,0,10,1,0,0,5,1,0,1,0,0,0,0,0,0,0,0,0,0,2,32,1,1,6,0,0,0,0,0,0,0,0,0,0,0,6,9,12,0,0,2,0,0,0,0,0,0,0,0,0,0,0,0,0,1,0,0,1,0,0,0,0,0,0,0,0,2,0,0,0,0,0,0,0,0,0,0,0,0,0,0,0,0,0,0,0,0,0,0,1,1,0,0,0,0,0,0,0,0,0,0,0,0,0,0,0,0,No
NL003,Veere,Netherlands,3. Southern North Sea,20/01/2016,1,0,0,0,1,0,0,1,0,0,0,0,0,0,0,0,12,0,1,0,10,0,0,1,0,0,0,0,0,0,0,0,0,0,0,44,0,0,5,0,1,0,0,0,0,8,0,0,2,0,3,29,13,0,1,3,0,1,1,0,0,0,0,0,0,0,0,0,0,1,0,0,0,1,0,0,0,0,0,0,0,0,0,0,0,0,0,0,0,0,0,0,0,0,0,0,0,0,0,0,0,0,0,0,4,0,0,0,0,0,0,0,0,0,0,0,0,0,0,0,0,0,No
NL003,Veere,Netherlands,3. Southern North Sea,28/04/2016,2,0,0,0,0,2,1,0,1,0,0,0,0,0,0,0,5,1,0,0,0,2,0,0,0,1,0,0,0,0,0,0,0,0,4,18,5,0,6,0,1,0,7,0,0,0,0,0,4,0,10,19,16,0,1,2,0,0,0,0,0,0,0,0,0,0,0,0,0,8,0,0,0,0,0,0,0,0,0,1,4,0,0,0,0,0,0,0,0,0,0,0,0,0,0,0,0,0,0,1,1,0,0,0,2,0,0,0,1,0,0,0,0,0,0,0,0,0,0,0,0,0,Yes
NL003,Veere,Netherlands,3. Southern North Sea,21/07/2016,3,0,0,1,0,1,2,2,0,0,0,0,0,0,0,0,10,0,0,0,12,2,1,1,0,1,0,0,0,1,0,0,0,0,0,81,3,0,9,0,2,0,0,0,1,5,0,0,0,0,10,26,24,1,5,7,0,0,4,1,0,0,0,0,0,0,0,0,0,0,0,0,0,1,0,0,0,0,0,0,5,0,0,0,0,0,0,0,0,0,0,0,0,0,0,1,0,0,0,0,0,0,0,0,5,2,0,0,1,0,1,0,0,0,0,0,0,0,0,0,0,0,Yes
NL003,Veere,Netherlands,3. Southern North Sea,17/10/2016,4,0,1,1,0,2,0,1,0,0,0,0,0,0,0,0,7,0,0,0,6,1,1,2,0,1,0,1,0,0,0,0,0,0,3,24,2,0,5,0,0,0,0,0,0,6,0,0,1,0,11,17,8,0,0,2,0,0,4,0,0,0,0,0,0,0,0,0,0,8,0,0,0,1,0,0,0,0,1,0,0,0,0,0,0,0,0,0,2,0,0,0,0,0,0,1,0,0,0,0,0,0,0,0,2,1,0,0,0,0,0,0,0,0,0,0,0,0,0,0,0,0,No
NL003,Veere,Netherlands,3. Southern North Sea,06/01/2017,1,0,0,1,0,1,0,0,0,0,0,0,0,0,0,0,13,0,0,0,17,2,0,4,0,0,0,0,0,2,0,0,0,0,3,46,0,0,0,0,0,1,1,0,2,6,0,0,1,0,37,67,15,0,11,6,0,0,2,1,0,0,0,2,0,0,0,0,0,2,0,0,0,0,0,0,0,0,0,0,0,0,0,0,1,0,0,0,1,0,0,0,0,0,0,0,0,0,0,0,0,0,0,0,10,2,2,0,1,0,0,0,0,0,0,0,0,0,0,0,0,0,Yes
NL003,Veere,Netherlands,3. Southern North Sea,27/04/2017,2,0,1,5,1,3,0,0,0,0,0,0,0,0,0,0,13,2,1,0,8,1,1,1,0,0,0,0,0,0,0,0,0,0,8,128,16,1,9,0,0,0,0,0,3,13,0,0,3,0,54,27,33,1,0,6,0,0,0,0,0,0,0,0,0,0,1,1,0,3,0,0,0,2,0,0,0,0,0,0,3,0,0,0,2,0,0,0,0,0,0,0,0,0,0,0,0,2,0,0,0,0,0,0,3,0,0,0,0,0,0,0,0,0,0,0,0,0,0,0,0,0,Yes
NL003,Veere,Netherlands,3. Southern North Sea,18/07/2017,3,0,0,2,0,2,0,0,0,0,0,0,0,0,0,0,2,0,0,0,8,0,0,0,0,1,0,0,0,0,0,0,0,0,1,42,10,0,8,0,1,0,0,0,0,4,0,0,0,0,6,10,8,0,0,3,0,0,0,0,0,0,0,0,0,0,1,0,0,1,0,1,0,0,0,0,0,0,0,0,2,0,0,0,1,0,1,0,1,0,0,0,0,0,0,0,0,0,0,0,0,0,0,0,0,0,0,0,0,0,0,0,0,0,0,0,0,0,0,0,0,0,No
NL003,Veere,Netherlands,3. Southern North Sea,12/10/2017,4,0,1,0,2,4,0,0,0,0,0,0,0,0,0,0,1,0,0,0,3,0,0,1,0,0,1,0,0,0,0,0,0,0,1,5,1,0,5,0,0,0,0,0,0,2,0,0,0,0,4,0,0,0,0,1,1,1,1,0,0,0,1,0,0,0,0,0,0,1,0,0,0,0,0,0,0,0,0,1,0,0,0,0,0,0,0,0,0,0,0,0,0,0,0,0,0,1,0,0,0,0,0,0,0,0,0,0,0,0,0,1,0,0,0,0,0,0,0,0,0,0,No
NL004,Terschelling,Netherlands,3. Southern North Sea,27/04/2012,2,2,0,0,0,4,0,2,1,0,0,0,0,0,0,0,0,0,0,0,2,0,0,0,0,0,0,0,0,0,0,0,0,0,0,10,0,0,10,0,0,0,0,0,2,5,0,0,1,0,1,1,2,0,1,2,0,0,0,3,0,0,1,1,0,0,0,0,0,0,0,0,0,0,0,0,0,0,0,0,0,0,0,0,0,0,0,0,2,0,0,0,0,0,0,0,0,0,0,0,0,0,0,0,0,0,0,0,0,0,0,0,0,0,0,0,0,0,0,0,0,0,NA
NL004,Terschelling,Netherlands,3. Southern North Sea,23/07/2012,3,1,17,16,1,11,3,8,2,1,0,0,0,0,1,0,17,1,0,0,14,0,1,3,0,0,1,0,0,0,0,1,0,0,19,179,23,1,8,0,1,0,0,2,0,17,0,0,6,0,30,27,44,1,8,19,0,0,0,5,0,0,0,0,0,0,1,0,2,3,0,1,0,0,0,0,0,0,0,0,2,1,0,0,2,0,0,0,0,0,0,0,1,0,0,0,0,3,0,0,0,0,0,0,4,0,0,0,0,0,0,0,0,0,0,0,0,0,0,0,0,0,Yes
NL004,Terschelling,Netherlands,3. Southern North Sea,15/10/2012,4,0,4,7,0,8,0,5,0,0,0,0,0,2,0,0,33,4,2,0,3,0,0,4,0,0,3,0,0,0,0,0,1,0,3,6,177,10,6,1,0,1,0,0,15,15,0,0,3,0,29,6,56,0,0,23,0,4,0,0,0,0,0,0,0,0,6,0,0,0,0,0,0,0,0,0,0,0,0,0,0,0,2,0,3,0,0,0,0,2,1,0,0,0,0,0,0,0,2,0,0,0,0,0,2,0,0,0,2,0,0,0,0,0,0,0,0,0,0,0,0,0,Yes
NL004,Terschelling,Netherlands,3. Southern North Sea,22/02/2013,-1,0,4,9,0,14,2,12,2,0,0,1,0,0,1,0,53,1,3,0,9,1,6,5,0,3,2,2,0,6,0,6,3,1,18,307,57,3,25,0,0,0,0,0,9,35,0,0,6,0,13,87,61,1,1,33,0,3,0,2,0,0,0,0,0,0,1,2,1,0,0,0,0,0,2,0,0,0,0,0,4,0,1,0,4,0,0,0,0,0,0,0,0,0,0,0,0,4,2,0,0,0,0,0,5,0,2,2,0,0,0,0,0,0,0,0,0,0,0,0,0,0,Yes
NL004,Terschelling,Netherlands,3. Southern North Sea,09/05/2013,-1,0,4,7,0,8,0,5,0,0,0,0,0,2,0,0,33,4,2,0,3,0,0,4,0,0,3,0,0,0,0,0,1,0,3,6,177,10,6,1,0,1,0,0,15,15,0,0,3,0,29,6,56,0,0,23,0,4,0,0,0,0,0,0,0,0,6,0,0,0,0,0,0,0,0,0,0,0,0,0,0,0,2,0,3,0,0,0,0,2,1,0,0,0,0,0,0,0,2,0,0,0,0,0,2,0,0,0,2,0,0,0,0,0,0,0,0,0,0,0,0,0,Yes
NL004,Terschelling,Netherlands,3. Southern North Sea,22/07/2013,3,0,4,6,0,9,4,8,0,0,0,3,0,1,0,0,17,0,1,0,22,0,1,4,0,0,0,1,0,0,0,0,0,0,0,18,192,0,14,0,0,0,0,0,11,37,0,0,2,0,10,0,51,2,0,6,0,1,0,3,0,1,0,0,0,0,0,7,0,0,0,0,0,0,1,0,0,0,0,0,0,0,0,0,0,1,0,0,0,0,0,0,0,0,0,0,0,8,0,1,0,0,0,0,2,1,1,0,0,0,0,0,0,0,0,0,0,0,0,0,0,0,NA
NL004,Terschelling,Netherlands,3. Southern North Sea,09/10/2013,4,0,6,4,0,5,1,3,0,0,0,2,1,0,0,0,18,0,0,0,14,0,2,3,0,0,1,0,0,0,0,0,0,0,5,128,34,2,11,0,0,0,0,2,4,12,0,0,0,0,8,28,41,2,8,18,0,1,0,0,0,0,0,0,0,0,0,2,0,0,0,0,0,0,0,0,0,0,0,0,0,0,0,0,0,0,0,0,0,0,0,0,0,0,0,0,0,0,0,0,0,0,0,0,3,0,1,0,0,0,0,0,0,0,0,0,0,0,0,0,0,0,Yes
NL004,Terschelling,Netherlands,3. Southern North Sea,11/01/2014,1,0,6,4,0,1,1,3,0,0,0,0,0,0,0,0,8,0,0,0,12,1,1,1,0,2,1,0,0,0,0,0,0,0,0,110,9,1,5,0,0,0,0,0,0,6,0,0,0,0,5,23,22,2,3,13,0,0,0,0,0,0,0,0,0,0,0,0,0,0,0,0,0,0,1,0,0,0,0,0,1,1,0,0,3,0,0,0,0,0,0,0,0,0,0,1,0,1,0,0,0,0,1,0,2,0,0,1,0,0,0,0,0,0,0,0,0,0,0,0,0,0,Yes
NL004,Terschelling,Netherlands,3. Southern North Sea,20/04/2014,2,0,3,20,0,4,0,3,0,0,0,0,1,0,0,0,11,1,0,0,8,0,0,3,0,0,1,0,0,0,0,0,0,0,8,66,7,0,9,0,0,0,0,0,3,18,0,0,1,0,6,7,28,0,1,6,0,0,0,0,0,0,0,0,0,0,2,0,0,0,0,0,0,0,0,0,0,0,0,2,0,0,0,0,3,0,0,0,0,0,0,0,0,0,0,0,0,0,0,0,0,0,0,0,0,0,0,0,0,0,0,0,0,0,0,0,0,0,0,0,0,0,No
NL004,Terschelling,Netherlands,3. Southern North Sea,24/07/2014,3,0,0,6,0,6,0,2,0,0,0,0,0,0,0,0,2,0,0,0,1,0,0,2,0,0,0,2,0,0,0,0,0,0,2,38,2,3,11,1,0,0,0,0,3,0,0,0,0,0,4,0,25,0,0,2,0,1,0,0,0,0,0,0,0,0,0,0,0,0,0,0,0,0,0,0,0,0,1,0,0,0,0,0,0,0,0,0,0,0,0,0,0,0,0,0,0,2,1,0,0,0,0,0,0,0,0,0,0,0,0,0,0,0,0,0,0,0,0,0,0,0,NA
NL004,Terschelling,Netherlands,3. Southern North Sea,25/10/2014,4,0,2,8,0,5,1,0,1,0,0,0,0,2,0,0,9,0,0,0,9,0,0,2,0,0,0,0,0,1,0,0,0,0,3,51,1,0,1,0,0,0,0,0,3,5,0,0,0,0,4,15,13,0,1,12,0,0,0,1,0,0,0,0,0,0,0,0,0,0,0,0,0,0,0,0,0,0,0,0,0,1,0,0,0,0,0,0,0,0,0,0,0,0,0,0,0,2,0,2,0,0,0,0,2,1,0,0,0,0,0,0,0,0,0,0,0,0,0,0,0,0,No
NL004,Terschelling,Netherlands,3. Southern North Sea,18/01/2015,1,0,0,4,0,1,3,0,0,0,0,1,0,0,0,0,17,0,0,0,11,0,1,2,0,2,0,0,0,0,0,0,0,0,0,107,3,1,21,1,0,0,0,0,2,14,0,0,1,0,6,7,13,0,0,9,0,0,0,1,0,0,0,0,0,0,0,0,0,0,0,0,0,0,0,0,0,1,0,0,0,0,0,0,0,0,0,0,0,0,0,0,0,0,0,0,0,6,0,14,0,0,0,0,3,0,0,0,0,0,0,0,0,0,0,0,0,0,0,0,0,0,No
NL004,Terschelling,Netherlands,3. Southern North Sea,11/04/2015,2,0,0,11,1,0,0,1,0,0,0,0,0,0,0,0,4,1,0,0,2,0,0,0,0,0,1,0,0,0,0,0,0,0,2,118,1,0,8,0,0,0,0,0,2,25,0,0,1,1,1,10,13,1,0,11,0,0,1,3,0,0,0,0,0,0,2,1,1,0,0,0,1,0,0,0,0,0,0,0,0,0,2,0,1,0,0,0,0,0,0,0,0,0,0,2,0,0,0,3,0,0,0,0,2,0,0,0,0,0,0,0,0,0,0,0,0,0,0,0,0,0,NA
NL004,Terschelling,Netherlands,3. Southern North Sea,20/07/2015,3,0,2,6,0,1,0,0,0,0,0,0,0,0,0,1,2,0,0,0,3,0,1,0,0,0,0,0,0,0,0,0,0,0,3,33,4,0,0,0,0,0,0,1,3,4,0,0,1,1,2,7,18,4,0,3,0,0,0,0,0,0,0,0,0,1,0,0,0,0,0,0,0,0,0,0,0,0,2,1,2,0,0,0,0,0,0,0,0,0,0,0,0,0,0,0,0,1,0,3,0,0,0,0,0,0,0,0,0,0,0,0,0,0,0,0,0,0,0,0,0,0,No
NL004,Terschelling,Netherlands,3. Southern North Sea,18/10/2015,4,0,1,2,1,2,0,0,0,0,0,0,0,0,0,1,2,0,1,0,4,0,1,0,0,0,0,0,0,0,0,0,0,0,0,22,0,1,1,0,0,0,0,0,3,1,0,0,0,0,2,2,8,1,1,1,0,0,0,0,0,0,0,0,0,0,1,2,0,0,2,0,0,0,0,0,0,0,2,0,1,0,0,0,1,0,0,0,0,0,1,0,0,0,1,0,0,2,0,0,2,0,0,0,0,0,0,0,0,0,0,0,0,0,0,0,0,0,0,0,0,0,No
NL004,Terschelling,Netherlands,3. Southern North Sea,24/12/2015,1,0,2,2,1,0,0,0,0,0,0,0,0,0,0,0,11,1,2,0,6,2,1,4,0,1,0,0,0,0,0,0,0,0,0,108,0,0,9,0,0,0,0,1,4,6,0,0,4,0,0,14,27,0,0,7,0,0,0,1,0,0,0,0,0,0,0,1,0,0,0,0,0,0,0,0,0,0,0,0,0,0,0,0,4,0,0,0,0,0,0,0,0,0,0,0,0,0,0,8,0,0,0,0,2,2,1,0,0,0,0,0,0,0,0,0,0,0,0,0,0,0,No
NL004,Terschelling,Netherlands,3. Southern North Sea,19/04/2016,2,0,0,2,0,0,1,3,0,1,0,0,0,0,0,0,22,0,2,0,12,2,1,11,0,2,0,0,0,2,0,0,0,0,5,204,5,0,20,0,1,0,0,0,1,11,0,0,5,0,4,20,20,0,3,11,0,1,1,0,0,0,0,4,0,0,1,1,0,1,0,0,3,0,1,0,0,0,1,0,5,0,0,0,4,0,0,0,0,0,1,0,0,0,0,2,0,0,0,23,10,0,7,0,7,0,0,0,1,0,0,0,0,0,0,0,0,0,0,0,0,0,No
NL004,Terschelling,Netherlands,3. Southern North Sea,07/07/2016,3,0,1,5,0,3,0,5,0,0,0,0,0,0,0,0,19,0,0,0,20,0,2,1,0,2,0,0,0,1,0,0,0,0,2,132,0,0,10,0,0,0,0,0,3,20,0,0,1,0,33,33,27,1,1,8,0,0,1,3,0,0,0,0,0,0,0,2,1,1,0,3,0,1,0,0,0,0,0,0,6,0,0,0,2,0,0,0,0,0,5,0,0,0,0,2,0,1,2,16,6,0,12,1,8,0,0,0,4,0,0,0,0,0,0,0,0,0,0,0,0,0,No
NL004,Terschelling,Netherlands,3. Southern North Sea,22/10/2016,4,0,0,2,0,1,0,3,0,0,0,0,0,0,0,0,30,0,0,0,15,0,0,4,0,0,1,0,0,0,0,0,0,0,2,0,115,0,2,0,0,1,1,0,3,15,0,0,1,0,15,20,49,0,4,13,0,0,6,1,0,0,0,0,0,0,0,0,0,2,0,0,1,0,0,0,0,0,0,0,0,0,0,0,0,0,0,0,0,0,0,0,0,0,0,4,0,0,0,15,0,0,20,0,4,0,0,0,0,0,0,1,0,0,0,0,0,0,0,0,0,0,Yes
NL004,Terschelling,Netherlands,3. Southern North Sea,11/01/2017,1,0,0,0,2,1,0,1,0,0,0,0,0,0,0,0,10,1,0,0,20,1,2,5,0,1,0,0,0,1,0,0,0,0,2,82,2,0,0,0,0,1,0,0,0,6,0,0,2,0,4,16,4,0,2,6,0,0,1,0,0,0,0,1,0,0,2,0,0,1,0,0,0,0,0,0,0,0,0,0,4,0,0,1,0,0,0,0,0,0,0,0,0,0,0,0,0,1,0,0,0,0,0,0,0,0,0,0,0,0,0,0,0,0,0,0,0,0,0,0,0,0,No
NL004,Terschelling,Netherlands,3. Southern North Sea,14/04/2017,2,0,0,5,0,3,0,2,0,0,0,0,0,0,0,0,17,0,0,0,14,0,0,3,0,0,0,0,0,1,0,0,0,1,4,113,23,0,4,0,0,0,0,0,0,7,0,0,3,0,16,87,21,0,0,7,0,1,0,0,0,0,2,1,0,0,3,0,0,4,0,0,0,0,0,0,0,0,0,0,8,0,0,0,0,0,0,0,1,0,0,0,0,0,1,5,0,0,0,7,1,0,2,0,1,1,0,0,0,0,1,0,0,0,0,0,0,0,0,0,0,0,Yes
NL004,Terschelling,Netherlands,3. Southern North Sea,11/07/2017,3,1,0,9,2,3,0,4,0,0,0,0,0,0,0,0,7,0,0,0,14,1,5,0,0,1,0,0,0,1,0,0,0,0,3,139,2,0,5,0,0,0,0,0,0,12,0,0,0,0,15,0,9,1,2,6,0,0,1,0,0,0,0,3,0,0,2,0,1,0,0,0,0,0,0,0,0,0,0,0,0,0,0,0,1,0,0,0,0,0,0,0,0,0,0,1,0,0,0,1,0,0,0,0,0,0,0,0,0,0,0,0,0,0,0,0,0,0,0,0,0,0,Yes
NL004,Terschelling,Netherlands,3. Southern North Sea,18/10/2017,4,0,1,5,1,2,0,0,0,0,0,0,0,0,0,0,5,0,0,0,8,0,0,3,0,0,0,0,0,2,0,0,0,0,0,32,11,0,5,0,0,0,0,0,1,3,0,0,1,0,3,11,0,0,1,6,0,0,0,1,0,0,0,0,0,0,0,0,0,0,0,0,0,0,0,0,0,0,0,0,0,0,0,0,0,0,0,0,0,0,0,0,0,0,0,0,0,0,0,1,0,0,0,0,0,1,0,0,0,0,0,0,0,0,0,0,0,0,0,0,0,0,No
